hf_model_path, abstract_algebra, anatomy, astronomy, business_ethics, clinical_knowledge, college_biology, college_chemistry, college_computer_science, college_mathematics, college_medicine, college_physics, computer_security, conceptual_physics, econometrics, electrical_engineering, elementary_mathematics, formal_logic, global_facts, high_school_biology, high_school_chemistry, high_school_computer_science, high_school_european_history, high_school_geography, high_school_government_and_politics, high_school_macroeconomics, high_school_mathematics, high_school_microeconomics, high_school_physics, high_school_psychology, high_school_statistics, high_school_us_history, high_school_world_history, human_aging, human_sexuality, international_law, jurisprudence, logical_fallacies, machine_learning, management, marketing, medical_genetics, miscellaneous, moral_disputes, moral_scenarios, nutrition, philosophy, prehistory, professional_accounting, professional_law, professional_medicine, professional_psychology, public_relations, security_studies, sociology, us_foreign_policy, virology, world_religions, avg
mistralai/Mistral-7B-Instruct-v0.1, 0.7519019764661788, 0.6949458235502243, 0.7152345794439315, 0.6595389521121979, 0.7120496112108231, 0.6814240282773971, 0.7392377054691315, 0.7064810162782669, 0.7468206810951233, 0.7225971525907516, 0.7696397238969803, 0.6717994117736816, 0.7131734347343445, 0.7441337019205093, 0.6913327419757843, 0.7774117010831832, 0.6991729825735092, 0.7708012962341309, 0.6929684799909591, 0.7463219189643859, 0.7000825238227845, 0.691876911520958, 0.6488488519191742, 0.6690550941228867, 0.7162290740013123, 0.773051398396492, 0.7340552747249603, 0.7798539429903031, 0.6496580082178116, 0.7751704955101013, 0.5953064697980881, 0.6008404642343521, 0.6576869183778763, 0.6422000676393509, 0.6633395808935165, 0.6764202600717545, 0.6659589111804962, 0.7079761111736298, 0.6740305805206299, 0.5929457128047944, 0.6616308003664017, 0.5581965065002441, 0.7019417977333069, 0.7263097482919693, 0.6940793174505234, 0.7250337129831315, 0.7052976197004318, 0.6990283805131913, 0.7137672764062881, 0.7237551802396774, 0.7828452277183533, 0.6689494264125824, 0.7016480547189713, 0.6382040846347808, 0.615523294210434, 0.691022977232933, 0.5757519227266311, 0.6948168227965372
